{
  "device": "mps",
  "n_mels": 20,
  "groups": 4,
  "epochs": 5,
  "batch_size": 128,
  "num_parameters": 14946,
  "flops": 1824546,
  "best_val_accuracy": 0.9701120797011208,
  "test_loss": 0.0994605761997908,
  "test_accuracy": 0.9563106796116505
}